"taxon","glottocode","xd_ids","soc_ids","ea_id","in_dplace","EA023","EA024","EA025","EA026","EA027","in_kinbank","mF","mFeB","mFyB","mMeB","mMyB","mWF","mM","mFeZ","mFyZ","mMeZ","mMyZ","mWM"
"A11_Londo","orok1266","","",,1,,,,,,1,"sesℇ; tátá",,,,,,"iyá; ŋámgbℇ; ŋáŋgℇ",,,,,
"A121_Mbonge","orok1266","","",,1,,,,,,1,"sesℇ; tátá",,,,,,"iyá; ŋámgbℇ; ŋáŋgℇ",,,,,
"A122_Bakundu","orok1266","xd166","Ae45","Ae45",1,,,,,,1,"sesℇ; tátá",,,,,,"iyá; ŋámgbℇ; ŋáŋgℇ",,,,,
"A22_Bakweri","mokp1239","xd138","Ae2","Ae2",1,7,8,15,9,,1,"sango; tatè; rángó","tatℇ; melá","tatℇ; melá","mólalo; móla","mólalo; móla","mókía","nyángo; iya; iyáké; iyé; jéjé","iyℇ; atí","iyℇ; atí","iyℇ; atí","iyℇ; atí","mókía"
"A24_Duala","dual1243","xd130","Ae12","Ae12",1,,,,,5,1,"tetℇ; sángó","sángó nusadi","sángó nusadi","mulalo; mulál'a; mulál'a tokitoki","mulalo; mulál'a; mulál'a tokitoki","moyo; sáng'a dibá","nyango; ńongo","nyango nusadi; ánti; ǹangó nusadi","nyango nusadi; ánti; ǹangó nusadi","mut'a mulalo; ánti; ǹangó ińsadi","mut'a mulalo; ánti; ǹangó ińsadi","moyo; ǹyang'a dibá"
"A32C_Batanga","bata1285","xd168","Ae47","Ae47",1,8,7,15,9,,1,"hangwé; paé; paya","ntodu wa hangwé","ndembé wa hangwé","ntodu wa nyangwé","ndembé wa nyangwé","nhiyo hangwé ya diba","iné; nyangwé; ina","sita wa hangwé","nyongwé","sita wa nyangwé","iluhu ya nyangwé","nhiyo nyangwé ya diba"
"A53_Bafia_rikpa","bafi1243","xd169","Ae48","Ae48",1,,,,,,1,"tààtà",,,,,,"ǰℇ'ℇ; ńmàà",,,"ńmàà",,
"A75a_Fang_Bitam","fang1246","xd149","Ae3","Ae3",1,7,8,15,9,6,1,"tare","ésa; tare","ésa; tare","ndômézañ; bekîa bam; nyandôm","ndômézañ; bekîa bam; nyandôm","minki; minki","nya","son'a","son'a","nya","nya","minki; minki"
"A75a_Fang_Medouneu","fang1246","","",,1,,,,,,1,"tare","ésa; tare","ésa; tare","ndômézañ; bekîa bam; nyandôm","ndômézañ; bekîa bam; nyandôm","minki; minki","nya","son'a","son'a","nya","nya","minki; minki"
"A75a_Fang_Minvoul","fang1246","","",,1,,,,,,1,"tare","ésa; tare","ésa; tare","ndômézañ; bekîa bam; nyandôm","ndômézañ; bekîa bam; nyandôm","minki; minki","nya","son'a","son'a","nya","nya","minki; minki"
"A81_Kwasio","kwas1243","xd163","Ae42","Ae42",1,,,,,,1,"song","ña; ku'","ña; ku'","ña; ku'","ña; ku'",,"ñiung","ma; mam","ma; mam","ma; mam","ma; mam",
"B11a_Mpongwe","myen1241","xd167","Ae46","Ae46",1,,,,,,1,"rèrè; tata; rèra","rer'onèró zaḿi","rer'erumbe zaḿi","ngw'onèró zaḿi","ngw'erumbe zaḿi","rer'ogóï","ngwè; iya","tata nyanto; ngwè; rèrè; ezómbi za rer'iyaḿi","tata nyanto; ngwè; rèrè; ezómbi za rer'iyaḿi","ngwè","ngwè","ngw'ogóï"
"B11b_Orungu","myen1241","","",,1,,,,,,1,"rèrè; tata; rèra","rer'onèró zaḿi","rer'erumbe zaḿi","ngw'onèró zaḿi","ngw'erumbe zaḿi","rer'ogóï","ngwè; iya","tata nyanto; ngwè; rèrè; ezómbi za rer'iyaḿi","tata nyanto; ngwè; rèrè; ezómbi za rer'iyaḿi","ngwè","ngwè","ngw'ogóï"
"B11c_Galwa","myen1241","","",,1,,,,,,1,"rèrè; tata; rèra","rer'onèró zaḿi","rer'erumbe zaḿi","ngw'onèró zaḿi","ngw'erumbe zaḿi","rer'ogóï","ngwè; iya","tata nyanto; ngwè; rèrè; ezómbi za rer'iyaḿi","tata nyanto; ngwè; rèrè; ezómbi za rer'iyaḿi","ngwè","ngwè","ngw'ogóï"
"B11d_Dyumba","myen1241","","",,1,,,,,,1,"rèrè; tata; rèra","rer'onèró zaḿi","rer'erumbe zaḿi","ngw'onèró zaḿi","ngw'erumbe zaḿi","rer'ogóï","ngwè; iya","tata nyanto; ngwè; rèrè; ezómbi za rer'iyaḿi","tata nyanto; ngwè; rèrè; ezómbi za rer'iyaḿi","ngwè","ngwè","ngw'ogóï"
"B11F_Enenga","myen1241","","",,1,,,,,,1,"rèrè; tata; rèra","rer'onèró zaḿi","rer'erumbe zaḿi","ngw'onèró zaḿi","ngw'erumbe zaḿi","rer'ogóï","ngwè; iya","tata nyanto; ngwè; rèrè; ezómbi za rer'iyaḿi","tata nyanto; ngwè; rèrè; ezómbi za rer'iyaḿi","ngwè","ngwè","ngw'ogóï"
"B21_Seki","seki1238","","",,0,,,,,,1,"tata","tata","tata","kokwè","kokwè",,"yayè","mamonimbé","mamonimbé","yayè","yayè",
"B22a_Kele","kele1257","","",,0,,,,,,1,"shangwè","shangwè","shangwè","kuku","kuku",,"nyangwè","mamo","mamo","nyangwè","nyangwè",
"B25_Kota","kota1274","xd162","Ae41","Ae41",0,8,7,15,9,,1,"hangwè","hangwè","hangwè","lawu","lawu","tjíò","nyangwè","màmá","màmá","nyangwè; màmá","nyangwè; màmá",
"B251_Shake","sake1247","","",,0,,,,,,1,"shangwè","shangwè","shangwè","kuku","kuku",,"nyangwè","mamo","mamo","nyangwè","nyangwè",
"B304_Pinzi","pinj1243","","",,0,,,,,,1,"tétà","tétà","tétà","mbalo; katshi","mbalo; katshi",,"iyà","tétà","tétà","iyà","iyà",
"B31_Tsogo","tsog1243","xd40","Ac16","Ac16",1,,,,,,1,"tétà","tétà","tétà","mbalo; katshi","mbalo; katshi","ogöii","iyà","tétà","tétà","iyà","iyà","ogöii"
"B41_Shira","sira1266","","",,0,,,,,,1,"tayi","tayi","tayi","katsi","katsi",,"nguyi","tayi mughetu","tayi mughetu","nguyi","nguyi",
"B42_Sangu_Mb","sang1333","","",,0,,,,,,1,"tayi","tayi","tayi","katsi","katsi",,"nguyi","tayi mughetu","tayi mughetu","nguyi","nguyi",
"B42_Sangu_Mi","sang1333","","",,0,,,,,,1,"tayi","tayi","tayi","katsi","katsi",,"nguyi","tayi mughetu","tayi mughetu","nguyi","nguyi",
"B43_Punu","punu1239","","",,0,,,,,,1,"tadji","tadji","tadji","katsi","katsi",,"ngudji","tadji kétu; tadji","tadji kétu; tadji","ngudji","ngudji",
"B51_Duma","duma1253","","",,0,,,,,,1,"tata","tata","tata","ngubala","ngubala",,"ngu","ta-mukasu","ta-mukasu","ngu","ngu",
"B51_Duma_La","duma1253","","",,0,,,,,,1,"tata","tata","tata","ngubala","ngubala",,"ngu","ta-mukasu","ta-mukasu","ngu","ngu",
"B52_Nzebi","njeb1242","","",,0,,,,,,1,"tèyi; tat'","tèyi; tat'","tèyi; tat'","kètshi","kètshi",,"ngu","to-m'kas","to-m'kas","ngu","ngu",
"B53_Tsaangi_Poungi","tsaa1242","","",,0,,,,,,1,,,,"ngubala","ngubala",,"ngu",,,"ngu","ngu",
"B601_Lempini","mber1257","","",,0,,,,,,1,"tara","tara","tara","ngughu balagha","ngughu balagha",,"ngughu","tata okasi","tata okasi","ngughu","ngughu",
"B63_Ndumu","ndum1239","","",,0,,,,,,1,"tata","tata","tata",,,,"ngughu","ta-mukasi","ta-mukasi","ngughu","ngughu",
"B84_Mbunda","mpuo1241","xd46","Ac21","Ac21",1,1,3,1,1,5,1,"taar; ta'","târ","târ","ngwâs","ngwâs","úkↄ","maam; m'ma'","mwan a t'okar; târ ↄkånd","mwan a t'okar; târ ↄkånd","mâm","mâm","úkↄ"
"B85_Yanzi","yans1239","xd51","Ac26","Ac26",1,8,7,15,9,,1,"tåã","tɔ̀ɔ̀nyèèr","tɔ̀ɔ̀nyèèr","tɔ̀ɔ̀nyèèr; lém","tɔ̀ɔ̀nyèèr; lém","buko","måã","ta mukar; nkéé; etjul","ta mukar; nkéé; etjul",,,"buko"
"B85d_Nsongo","song1299","xd50","Ac25","Ac25",1,13,2,12,1,5,1,"târ","malim; târ; lí:m","malim; târ; lí:m","malim; ngwâs; lí:m","malim; ngwâs; lí:m","ↄkↄ","ngwe:n; mâm","târ mↄkånd","târ mↄkånd","mâm","mâm","ↄkↄ"
"B86_Dinga","ding1239","xd47","Ac22","Ac22",1,8,7,15,9,5,1,"taata; taa","taa koom","taa koom","maa mŋaŋ; mpja","maa mŋaŋ; mpja","taa buko; buko ibaal; buŋkil ibaal","maama; maa; ŋƔwa; ŋgwen","taata mukaatu; taa mukaar","taata mukaatu; taa mukaar","maa koom","maa koom","maa buko; buko mukaar; buŋkil mukaar"
"B86_Dzing","song1299","","",,1,,,,,,1,"târ","malim; târ; lí:m","malim; târ; lí:m","malim; ngwâs; lí:m","malim; ngwâs; lí:m","ↄkↄ","ngwe:n; mâm","târ mↄkånd","târ mↄkånd","mâm","mâm","ↄkↄ"
"B863_Pindi","song1299","","",,1,,,,,,1,"târ","malim; târ; lí:m","malim; târ; lí:m","malim; ngwâs; lí:m","malim; ngwâs; lí:m","ↄkↄ","ngwe:n; mâm","târ mↄkånd","târ mↄkånd","mâm","mâm","ↄkↄ"
"Bamun_Grassfields","bamu1253","xd172","Ae50","Ae50",1,,,,,,1,"wǎ",,,,,,"nǎ",,,,,
"C104_Aka","yaka1272","xd923, xd924","B60, B61","B60",0,,,,,,1,"táé","táé","kádí-wà-tàó-wà-pàé","kɔ̀kɔ̀","kɔ̀kɔ̀",,"ngúé",,"kádí-wà-tàó-wà-mòétò","ngúé","ngúé","mó.kìó"
"C105_Mbenga","yaka1272","","",,0,,,,,,1,"táé","táé","kádí-wà-tàó-wà-pàé","kɔ̀kɔ̀","kɔ̀kɔ̀",,"ngúé",,"kádí-wà-tàó-wà-mòétò","ngúé","ngúé","mó.kìó"
"C34_Sakata","saka1287","xd49","Ac24","Ac24",1,8,7,15,9,,1,"tå",,,"ƞgonfe","ƞgonfe",,,,,,,
"C36d_Lingala","ling1263","xd147","Ae28","Ae28",1,,,,,,1,"tatå; sango","tata-kulutu","tata-leki","tatá mokóló; noko","tatá mokóló; noko","bokilo","mamå","tata-muasi","tata-muasi","mama-kulutu","mama-leki","bokilo"
"C37_Ebudza","budz1238","xd157","Ae37","Ae37",1,,,,,,1,"sango",,,,,"sango o moli o mbåi","nango",,,,,"sango o moli o mbåi"
"C41_Ngombe","binj1250","xd159","Ae39","Ae39",1,7,8,15,9,8,1,,,,"kiva","kiva","moyata",,"woto","woto",,,"moyata"
"C61_Mongo","mong1338","xd143, xd160","Ae24, Ae4, SCCS14","Ae24",0,,,,,1,1,"ise; fafa; tata","ise; tantinkune","tat'inkune","nyangompame","nyangompame","bokilo","ngoya; nyango","isomoto; faomoto","isomoto; faomoto","nyango","mam'inkune","bokilo"
"C61E_Konda","ekon1238","xd139","Ae20","Ae20",1,7,8,15,9,,1,"fafa","ise","ise","nyangobika","nyangobika","bokilo","nyango","isomoto","isomoto","nyango","nyango","bokilo"
"C71_Tetela","tete1250","xd144","Ae25","Ae25",1,8,7,15,9,,1,"papa","papa; shomikadi","papa; shomikadi","papa; nyangupami","papa; nyangupami","ukilu","mama","nyengesukadi","nyengesukadi","nyangukadi","nyangukadi","ukilu"
"C83_Bushong","bush1247","xd66","Ac4","Ac4",1,7,8,15,9,4,1,"tata","tata ilenga; ngola muota","tata ilenga; ngola muota","manumi; baba","manumi; baba","boy","mai","tangata; fatata","tangata; fatata","mai ilenga; mai ngola muota; yaya","mai ilenga; mai ngola muota; yaya","boy"
"D21_Baali","bali1274","xd153","Ae33","Ae33",1,,,,,,1,"yabà","bogà","bogà",,,,"yamá",,,,,
"D23_Kibira-Kumu_1919","komo1260","xd152","Ae32","Ae32",1,,,,,,1,"ape; abhe","phuméape; phuméape","motwape","noko; noko","noko; noko","nyamoto; nyamoto","adi; ayi","koa","koa","phuméadi; phuméadi","motwadi","nyamoto; nyamoto"
"D24_Songola","song1300","xd129","Ae11","Ae11",1,7,8,15,9,4,1,"asa","asa moto","asa moto","munso","munso","isi","ngu","ngu","ngu","ngu","ngu","mukilu"
"D311_Bila","bila1255","xd150","Ae30","Ae30",1,,,,,,1,"èpá","moteba","omeba","noko","noko","tata","êmá","alwa'e na epa","moto e na epa","om-ema","mot-ema","tata"
"D32_Bira","bera1259","xd154","Ae34","Ae34",1,,,,,,1,"mîkí","om-epa","mot-epa","yàyá; noko","yàyá; noko","tata","bàhá","kola","kola","om-ema","mot-ema","tata"
"D32_Bira_Bunia","bera1259","","",,1,,,,,,1,"mîkí","om-epa","mot-epa","yàyá; noko","yàyá; noko","tata","bàhá","kola","kola","om-ema","mot-ema","tata"
"E46_Sonjo","temi1247","xd108","Ad39","Ad39",1,8,7,15,9,,1,"aja; baba",,,"ma:ma","ma:ma","baba wa basoni","ma","mnyina-ma; mteregwe","mnyina-ma; mteregwe",,,"ma wa basoni"
"E51_Kikuyu","kiku1240","xd109","Ad4, SCCS11","Ad4",1,7,8,15,9,6,1,"baba","baba m'uk'ur'u","baba munyinyi","mama","mama","baba; mothoni; wathiomo","maiitu","tata","tata","tata","tata","mothoni; maitu"
"E53_Igoji","meru1245","","",,1,,,,,,1,"baaba","baaba mûkûrû","baaba mwanake","muntuetû","muntuetû","ithenthaka; muramû baaba","icia","mwarewaaba","mwarewaaba","ciomûkûrû; ciomûkûrû","ciomwanake; ciomwanake","inonthaka; muramû icia"
"E53_Imenti","meru1245","","",,1,,,,,,1,"baaba","baaba mûkûrû","baaba mwanake","muntuetû","muntuetû","ithenthaka; muramû baaba","icia","mwarewaaba","mwarewaaba","ciomûkûrû; ciomûkûrû","ciomwanake; ciomwanake","inonthaka; muramû icia"
"E53_Meru","meru1245","xd104","Ad35","Ad35",1,8,7,15,9,,1,"baaba","baaba mûkûrû","baaba mwanake","muntuetû","muntuetû","ithenthaka; muramû baaba","icia","mwarewaaba","mwarewaaba","ciomûkûrû; ciomûkûrû","ciomwanake; ciomwanake","inonthaka; muramû icia"
"E53_Meruimenti","meru1245","","",,1,,,,,,1,"baaba","baaba mûkûrû","baaba mwanake","muntuetû","muntuetû","ithenthaka; muramû baaba","icia","mwarewaaba","mwarewaaba","ciomûkûrû; ciomûkûrû","ciomwanake; ciomwanake","inonthaka; muramû icia"
"E53_Merutig","meru1245","","",,1,,,,,,1,"baaba","baaba mûkûrû","baaba mwanake","muntuetû","muntuetû","ithenthaka; muramû baaba","icia","mwarewaaba","mwarewaaba","ciomûkûrû; ciomûkûrû","ciomwanake; ciomwanake","inonthaka; muramû icia"
"E53_Miutini","meru1245","","",,1,,,,,,1,"baaba","baaba mûkûrû","baaba mwanake","muntuetû","muntuetû","ithenthaka; muramû baaba","icia","mwarewaaba","mwarewaaba","ciomûkûrû; ciomûkûrû","ciomwanake; ciomwanake","inonthaka; muramû icia"
"E53_Tigania","meru1245","","",,1,,,,,,1,"baaba","baaba mûkûrû","baaba mwanake","muntuetû","muntuetû","ithenthaka; muramû baaba","icia","mwarewaaba","mwarewaaba","ciomûkûrû; ciomûkûrû","ciomwanake; ciomwanake","inonthaka; muramû icia"
"E55_Kamba","kamb1297","xd103","Ad34","Ad34",1,,,,,,1,"nau","mwendw'au; mthomba","mwendw'au; mthomba","mwendw'au; mthomba; mama","mwendw'au; mthomba; mama","athoni; nau; muponi","mwaitu; maiitu; mwaitu","ukulu","ukulu","ukulu; mwaendia","ukulu; mwaendia","athoni; muponi"
"E55_Kamba_Kitu","kamb1297","","",,1,,,,,,1,"nau","mwendw'au; mthomba","mwendw'au; mthomba","mwendw'au; mthomba; mama","mwendw'au; mthomba; mama","athoni; nau; muponi","mwaitu; maiitu; mwaitu","ukulu","ukulu","ukulu; mwaendia","ukulu; mwaendia","athoni; muponi"
"E55_Kamba_Mach","kamb1297","","",,1,,,,,,1,"nau","mwendw'au; mthomba","mwendw'au; mthomba","mwendw'au; mthomba; mama","mwendw'au; mthomba; mama","athoni; nau; muponi","mwaitu; maiitu; mwaitu","ukulu","ukulu","ukulu; mwaendia","ukulu; mwaendia","athoni; muponi"
"E71A_Upper_Pokomo","poko1261","xd102","Ad33","Ad33",1,8,7,15,9,4,1,"baba","mmétje","mmétje","mumechwe","mumechwe",,"måma","ndugu ya baba","ndugu ya baba","ndugu ya baba","ndugu ya baba",
"E72a_Giryama","giry1241","xd101","Ad32","Ad32",1,8,7,15,9,7,1,"baba","bam'zhere","bam'hoho","ahu","ahu","mutsedza","hmama","tsangazimi","tsangazimi","hmam'zhere","hmam'hoho","mutsedza wa kuche"
"E73_Digo","digo1243","xd99","Ad30","Ad30",1,8,7,15,9,,1,"baba","baba mvyere","baba mdide","aphu","aphu","mtsedza","mayo","shangazi","shangazi","mayo mvyere","mayo mdide","mtsedza"
"F12_Bende","bend1258","xd85","Ad18","Ad18",1,8,7,15,9,,1,"táata","táata múkulú","táata múkulú","múkwetú","múkwetú","táata bhukwe","måajo","sêngé","sêngé","måajo múkulú","måajo múkulú","bhamaabhukwe"
"F21_Ntuzu","suku1261","","",,1,,,,,,1,"þaaþå","baba","baba","maarrub","maarrub","iaapa-puko","maayu","sèèngi","sèèngi","mayu","mayu","ilmaayo-puko"
"F21_Sukuma","suku1261","xd90","Ad22","Ad22",1,7,8,15,9,1,1,"þaaþå","baba","baba","maarrub","maarrub","iaapa-puko","maayu","sèèngi","sèèngi","mayu","mayu","ilmaayo-puko"
"F23_Sumbwa","sumb1240","xd117","Ad47","Ad47",1,7,8,15,9,5,1,"þååþå",,,,,"båå bukwé","mååyù","sèèngi","sèèngi",,,"måå bukwé"
"F33_Langi","lang1320","xd93","Ad25","Ad25",1,,,,,,1,"taata","baba mʊdudi; baba mʊdudi","baba mʊdudi; baba mʊdudi","baba; baba","baba; baba","kidƷɛƞgi","iyo","mama; mama","mama; mama","mama mʊdudi; mama mʊdudi","mama mʊdudi; mama mʊdudi","kidƷɛƞgi"
"Fefe_Grassfields","fefe1239","xd171","Ae5","Ae5",1,7,8,15,9,,1,"mbega; papaga; tá; tálà; tá; mbà; tšâš; tšât","mbega","mbega","mbega; múmæ̀mɔ̀","mbega; múmæ̀mɔ̀","ntseh; tákɥȉʔ; tšâš; tšât","owa; mɔ̀; pámɔ̀; mànə̄̀ŋ; má; mà; mšàšmu","mumètálà","mumètálà",,,"ŋgém; mákɥȉʔ; mšàšmuà"
"G11_Gogo","gogo1263","xd92","Ad24","Ad24",1,1,3,2,2,5,1,"soga","baba","baba","kuku","kuku","mukwe","yaya","nyinahenga","nyinahenga","yaya","yaya","wadala"
"G12_Kagulu","kagu1239","xd121","Ad50","Ad50",1,12,5,15,9,5,1,"baba","baba mkulu","baba mdodo","baba mkulu","baba mdodo","kuku","mai","mai mkulu","mai mdodo","mai mkulu","mai mdodo","mama"
"G22_Asu","asut1235","xd105","Ad36","Ad36",1,,,,,,1,"vava","vava ṃkulu","vava ṃdori","abu ṃbaha","abu ṃdori","wakwe","mchékú","éngå ṃbaha","éngå ṃdori","ṃkúlú","ṃdódo","wakwe"
"G22A_North_Pare","asut1235","","",,1,,,,,,1,"vava","vava ṃkulu","vava ṃdori","abu ṃbaha","abu ṃdori","wakwe","mchékú","éngå ṃbaha","éngå ṃdori","ṃkúlú","ṃdódo","wakwe"
"G22B_South_Pare","asut1235","","",,1,,,,,,1,"vava","vava ṃkulu","vava ṃdori","abu ṃbaha","abu ṃdori","wakwe","mchékú","éngå ṃbaha","éngå ṃdori","ṃkúlú","ṃdódo","wakwe"
"G23_Sambaa","asut1235","","",,1,,,,,,1,"vava","vava ṃkulu","vava ṃdori","abu ṃbaha","abu ṃdori","wakwe","mchékú","éngå ṃbaha","éngå ṃdori","ṃkúlú","ṃdódo","wakwe"
"G31_Zigua","zigu1242","xd96","Ad28","Ad28",1,,,,,,1,"tate","tate mkulu","tate mdodo","mtumba","mtumba","mkwe","mame","mame sangazi","mame sangazi","mame mkulu","mame mdodo","mkwe"
"G32_Doe","kwer1261","","",,1,,,,,,1,"tata","tata mkulu","tata mdodo","mtumba mkulu","mtumba mdodo","mkoi","mama","mama sangazi","mama sangazi","mama mkulu","mama mdodo","mkoi"
"G32_Kwere","kwer1261","xd95","Ad27","Ad27",1,1,3,15,9,5,1,"tata","tata mkulu","tata mdodo","mtumba mkulu","mtumba mdodo","mkoi","mama","mama sangazi","mama sangazi","mama mkulu","mama mdodo","mkoi"
"G34_Nguungulu","ngul1246","xd122","Ad51","Ad51",1,8,7,15,9,5,1,"tate","tate mkulu","tate mdodo",,,"mame vyalu","mame","mame mkulu","mame mdodo","mame mkulu","mame mdodo","mukwe"
"G35_Luguru","lugu1238","xd81","Ad14, SCCS10","Ad14",1,1,3,2,2,1,1,"baba","baba mkulu","baba mdodo","mkolo; mtumba; mjomba","mkolo; mtumba; mjomba","mkwe","mai; mama","mai shangazi; mama shangazi","mai shangazi; mama shangazi","mai mkulu","mai mdodo","mkwe"
"G61_Sangu","sang1330","xd91","Ad23","Ad23",1,1,3,15,9,5,1,"dada","dada","dada","yaya","yaya",,"yuva","yuvahengi","yuvahengi","yuva","yuva",
"G62_Hehe","hehe1240","xd125","Ad8","Ad8",1,1,3,2,2,5,1,"dada","dada muvina","dada mudodo","yaya muvina","yaya mudodo","mukwi","yuva","yuvahenge muvina","yuvahenge mudodo","yuva muvina","yuva mudodo","mukwi"
"G63_Bena","bena1262","xd78","Ad11","Ad11",1,1,3,15,9,5,1,"dada","dada","dada mdodo","yaya","yaya","muganafu","yuva; mayi","yuvahengi","yuvahengi","mayi","mayi mdodo","muganafu"
"H12_Civili_Congo","vili1238","","",,0,,,,,,1,,,,"nkasi","nkasi",,"ngul",,,"ngul","ngul",
"H131_Kisundi_Congo_Kimongo_1988","suun1239","xd42","Ac18","Ac18",0,,,,,,1,"tata",,,"ngwa","ngwa","bokilo","mama",,,,,"buko"
"H16_Cilinji","yomb1244","","",,1,,,,,,1,"tata","papa nkulutu","papa nleki","ngwa khazi","ngwa khazi",,"mama","papa nketo","papa nketo","mama nkulutu","mama nleki",
"H16_Cimbala","sans1272","","",,1,,,,,,1,"tata","mpangi a tata","mbunji a tata","ngudi","ngudi","ko","ngwa",,,"ngudi","ngudi","ko"
"H16_Cizobe","yomb1244","","",,1,,,,,,1,"tata","papa nkulutu","papa nleki","ngwa khazi","ngwa khazi",,"mama","papa nketo","papa nketo","mama nkulutu","mama nleki",
"H16a_Kisikongo_2013","sans1272","xd38","Ac14","Ac14",1,1,3,15,9,,1,"tata","mpangi a tata","mbunji a tata","ngudi","ngudi","ko","ngwa",,,"ngudi","ngudi","ko"
"H16a_Kisolongo_DRC_2012","sans1272","","",,1,,,,,,1,"tata","mpangi a tata","mbunji a tata","ngudi","ngudi","ko","ngwa",,,"ngudi","ngudi","ko"
"H16c_Kiyombe_DRC_1982","yomb1244","","",,1,,,,,,1,"tata","papa nkulutu","papa nleki","ngwa khazi","ngwa khazi",,"mama","papa nketo","papa nketo","mama nkulutu","mama nleki",
"H16c_Yombe","yomb1244","xd74","Ac8","Ac8",1,8,7,15,9,,1,"tata","papa nkulutu","papa nleki","ngwa khazi","ngwa khazi",,"mama","papa nketo","papa nketo","mama nkulutu","mama nleki",
"H16d_Ciwoyo_DRC_2012","yomb1244","","",,1,,,,,,1,"tata","papa nkulutu","papa nleki","ngwa khazi","ngwa khazi",,"mama","papa nketo","papa nketo","mama nkulutu","mama nleki",
"H31_Yaka","yaka1269","xd45","Ac20","Ac20",1,,,,,5,1,"tata","gokash","gokash","gokash","gokash","tata buko",,"tata nkento","tata nkento",,,"mama buko"
"H32_Suku","suku1259","xd41","Ac17, SCCS6","Ac17",1,1,3,3,3,5,1,"taata","tata mbuta","tata nleke","lêmba; ngwaasi","lêmba; ngwaasi","bukó","ngudi; mâma","tata; tata","tata; tata","ngudi mbuta","ngudi nleke","bukó"
"H41_Mbala","mbal1257","xd39","Ac15","Ac15",1,13,2,12,1,5,1,"dâda; dâawa; tata","daada; daada","daada; daada","ngwaaʃi; leemba","ngwaaʃi; leemba","magu; mahenda; mahenda","maawa","daada","daada","maawa","maawa","uguami; magu; magu"
"JD53_Shi","shii1238","xd131","Ae13","Ae13",1,1,3,15,9,5,1,"låarhaa","mulåarhaa","mulåarhaa","nyaama-lume","nyaama-lume","shåzaala","mubuguma","nyåamashenge","nyåamashenge","nyama","nyama","nyååma-zaala"
"JD62_Rundi","rund1242","xd184","Ae8","Ae8",1,1,3,1,1,5,1,"dåtá","dåtá-wåcu","dåtá-wåcu","mårúme","mårúme","dåtábukwé","måmá","sengé","sengé","måmá-wåcu","måmá-wåcu","måbukwé"
"JD66_Kiha","haaa1252","xd132","Ae14","Ae14",1,1,3,15,9,5,1,"data; data","baba mkubwa","baba mdogo","marume; marume","marume; marume","databukwe","mama","senge; senge","senge; senge","mamamuto","mamamuto","mabukwe"
"JE11_Runyoro","nyor1246","xd87","Ad2","Ad2",1,8,7,15,9,6,1,"ise; ise","isento","isento","ongundwe; ongundwe","ongundwe; ongundwe","isezara","mama; mama","isenkati","isenkati","nyinento","nyinento","nyinazara"
"JE12_Rutooro","toor1238","xd118","Ad48","Ad48",1,,,,,,1,"ise","sento","sento","nyinarumi","nyinarumi","sezara","nyina","senkati","senkati","nyinento","nyinento","nyinazara"
"JE15_Luganda","gand1255","xd124","Ad7, SCCS12","Ad7",1,8,7,15,9,5,1,"kitange",,"kitange omuto","kojja","kojja","mukodomi; mukodomi","mmange","senga","senga",,"mmange omuto","mukodomi; mukodomi"
"JE16_Lusoga","soga1242","xd116","Ad46","Ad46",1,7,8,15,9,6,1,"lata","kogya","lata omuto","kogya; kogya","kogya; kogya","mukoirume","mukaire","songa","songa","songa; songa","mukaire omuto","mukoirume"
"JE22_Haya","haya1250","xd112","Ad42","Ad42",1,8,7,15,9,6,1,"tâ:ta","tá:t'ento","tá:t'ento","malûmi","malûmi","tatáza:la","mâ:we","tát'énkåzi","tát'énkåzi","má:'énto","má:'énto","máza:la"
"JE23_Zinza","zinz1238","xd119","Ad49","Ad49",1,,,,,,1,"tata","maami","maami","maami","maami",,"maaha","maha omuto","maha omuto","maha omuto","maha omuto",
"JE24_Kerebe","kere1283","xd113","Ad43","Ad43",1,8,7,15,9,4,1,"táta",,,"joomba","joomba","isézáala","mááwe","iséénkázi","iséénkázi",,,"mázáala"
"JE31_Lumasaaba","masa1299","xd126","Ad9","Ad9",1,7,8,15,9,4,1,"baba","paapa umu-khulu","paapa umu-keehe",,,"baba wase","mai","senge umu-khulu","senge umu-keehe",,,"mahi umukhwe"
"JE31c_Bukusu","buku1249","xd111","Ad41","Ad41",1,7,8,15,9,2,1,"paapa","paapa","ómuro","khóóchá","khóóchá","ómukhwe","maayi","seenge","seenge","maayi","ómuro","ómukhwe"
"JE42_Gusii","gusi1247","xd79","Ad12","Ad12",1,8,7,15,9,,1,"taata","taatámoke","taatámoke","maamé","maamé","taatábiára","baabá",,,,,"maakóbiára"
"K11_Ciokwe","chok1245","xd36","Ac12","Ac12",1,1,3,2,2,5,1,"tata","tata wa songo","tata wa songo","matu","matu","tata-wenu","mama","tata pwo","tata pwo","mama wa songo","mama wa songo","mama-wenu"
"K14_Lwena","luva1239","xd35","Ac11","Ac11",1,1,3,1,1,5,1,"tata","tata","tata","mandumi","mandumi","muku","mama","tatankaji","tatankaji","mama","mama","muku"
"K21_Lozi","lozi1239","xd26","Ab3, SCCS4","Ab3",1,7,8,15,9,4,1,"ndole","ndate yo muhulu","ndate yo munyinyani","me","me","mukwenyani ndate","me","ndate wa musali","ndate wa musali","me yomuhulu","me yomunginyani","mukwenyani me"
"Kom_Grassfields","komc1235","xd176","Ae54","Ae54",1,8,7,15,9,,1,"bæ̀; bò","lù msɨ nì","lù msɨ nì","lù msɨ nì","lù msɨ nì",,"nà wà yn; nì ni; nà",,,,,
"L11_Pende","phen1239","xd44","Ac2","Ac2",1,9,4,6,3,1,1,"tata","tǎta; ginathu; lemba","tǎta; ginathu; lemba","ginathu; lemba","ginathu; lemba","oku; givuaji","gina","tǎta","tǎta","mǎma","mǎma","oku; givuaji"
"L31a_Luba-Kasai","luba1250","xd182","Ae6","Ae6",1,8,7,15,9,,1,"tata","táátu mukulu","táátu mwååkunyi","mansewa mu-ishio","mansewa mu-ishio","múku","ina","mankaji","mankaji","baaba mukulu","baaba mwååkunyi","múku"
"L33_Luba-Shaba","luba1250","","",,1,,,,,,1,"tata","táátu mukulu","táátu mwååkunyi","mansewa mu-ishio","mansewa mu-ishio","múku","ina","mankaji","mankaji","baaba mukulu","baaba mwååkunyi","múku"
"L34_Hemba","kaon1241","","",,1,,,,,,1,"tata","mwinsho","mwinsho","mwinsho","mwinsho","bako","mama","tatankazhi","tatankazhi","mama","mama","bako"
"L35_Sanga","sang1331","xd137","Ae19","Ae19",1,6,4,15,9,5,1,"tata","tata","tata","manseva","manseva",,"ina",,,,,"ina-fyala"
"L41_Kaonde","kaon1241","xd58","Ac32","Ac32",1,1,3,2,2,5,1,"tata","mwinsho","mwinsho","mwinsho","mwinsho","bako","mama","tatankazhi","tatankazhi","mama","mama","bako"
"L52_Lunda","lund1266","xd72","Ac6","Ac6",1,1,3,1,1,5,1,"tata","tata wamukulumpi","tata wakansi","mandumi","mandumi","muku","mama","tatankaji","tatankaji","mama wamukulumpi","mama wakansi","muku"
"M13_Fipa","fipa1238","xd86","Ad19","Ad19",1,8,7,15,9,5,1,"ïtaata","ïtaata","ïtaata","ïmaangu luume; itaata luume; inkwetu","ïmaangu luume; itaata luume; inkwetu","ïtaata fyaala","ïmaangu","ïmaangu seenje","ïmaangu seenje","ïmaangu","ïmaangu","ïmaangu fyaala"
"M31_Nyakyusa","nyak1260","xd123, xd83","Ad6, SCCS8, Ad16","Ad6",0,7,8,15,9,5,1,"tata","taata unkulumba","taata unnandi",,,"nkogho","juuba","unnyasenga","unnyasenga","mama unkulumba","mama unnandi","nkogho"
"M41_Taabwa","shil1264","xd61","Ac35","Ac35",0,1,3,15,9,5,1,"tata","tata; mwinzyo","tata; mwinzyo","yama","tata; mwinzyo",,"nh-ina","nhina","nhina","nhina","nhina",
"M42_Bemba","bemb1257","xd55, xd60","Ac3, SCCS7, Ac34","Ac3",0,1,3,1,1,5,1,"tata","tata mukalamba","tata mwaice","yama","yama","ase","yangu; mayo","mayosenge","mayosenge","mayo mukalamba","mayo mwaice","ase"
"M52_Lala","lala1264","xd59","Ac33","Ac33",1,6,4,15,9,5,1,"wata","nyinalume","nyinalume","umwisyo","umwisyo","wawisi vyala","wama","wawo","wawo","wama munini","wama munini","nyina vyala"
"M54_Lamba","lamb1271","xd71","Ac5","Ac5",1,1,3,2,2,5,1,"tata","tata","tata","mwinsyo","mwinsyo","tatafyala","mama","tatankasi","tatankasi","mama","mama","mamafyala"
"M64_Tonga","tong1321","xd37","Ac13","Ac13",1,1,3,2,2,5,1,"taata","taata","taata","simwiesu","simwiesu","mukwe","bamaama","bamaama","bamaama","bamaama","bamaama","mukwe"
"Moghamo_Grassfields","meta1238","xd181","Ae59","Ae59",1,,,,,,1,"tà; tatá; mɔtà",,,"tama","tama",,"ŋgɔ́p; ibəŋgɔ́p'; bəŋgɔ́bə́",,,,,
"Mungaka_Grassfields","mung1266","xd170","Ae49","Ae49",1,,,,,,1,"bàba; ta","bamvuka̤d; bàbamvuka̤d; ban̊guka̤d; bàban̊guka̤d","bambo̠d; bàbambo̠d","nimbàn̊","nimbàn̊","ntsi","nǎ","mân̊na; tǎn̊gwi","mân̊na; tǎn̊gwi","nǎn̊guka̪d","nǎmbo̠d","n-tsi; n-gom"
"N12_Ngoni","ngon1269","xd75","Ac9","Ac9",1,1,3,15,9,5,1,"atata",,,"malume","malume","mpongozi","amama",,,,,"mpongozi"
"P23_Simakonde","mako1251","xd68","Ac41","Ac41",1,1,3,1,1,5,1,"chão; baba; atata; tatamunu","numbugwemama; njomba; njombamunu","numbugwemama; njomba; njombamunu","numbugwemama; njomba; njombamunu","numbugwemama; njomba; njombamunu","nkwemunu; nkawangu; nkwemunu nume","mama; jujumunu; ajala","nang'olo; mama ndokyo","nang'olo; mama ndokyo","nang'olo; mama ndokyo","nang'olo; mama ndokyo","nkawangu; nkwemunu nkongwe"
"P25_Mabia","mako1251","","",,1,,,,,,1,"chão; baba; atata; tatamunu","numbugwemama; njomba; njombamunu","numbugwemama; njomba; njombamunu","numbugwemama; njomba; njombamunu","numbugwemama; njomba; njombamunu","nkwemunu; nkawangu; nkwemunu nume","mama; jujumunu; ajala","nang'olo; mama ndokyo","nang'olo; mama ndokyo","nang'olo; mama ndokyo","nang'olo; mama ndokyo","nkawangu; nkwemunu nkongwe"
"R11_Umbundu","umbu1257","xd28","Ab5, SCCS5","Ab5",1,1,3,2,2,5,1,"mai","manu","manu","manu","manu","ndatembo","tate","tatekāi","tatekāi","tatekāi","tatekāi","ndatembo"
"R31_Herero","here1253","xd10","Ab1","Ab1",1,1,3,3,3,5,1,"tate; tate","o-hokuru; o-honini; honini","inyangu; inyangu","o-hokuru; o-honini","o-nguende","omu-kue","mama; mama","o-hongaze","o-hongaze",,"inyangu","ina omu-kue"
"S16_Kalanga","here1253","","",,1,,,,,,1,"tate; tate","o-hokuru; o-honini; honini","inyangu; inyangu","o-hokuru; o-honini","o-nguende","omu-kue","mama; mama","o-hongaze","o-hongaze",,"inyangu","ina omu-kue"
"S21_Venda","vend1245","xd29","Ab6","Ab6",1,1,3,2,2,5,1,"khotsi","khotsimuhulu","khotsimunene","malume","malume","makhulu-tshinna","mme","makhadzi","makhadzi","mmemuhulu","mmane","makhulu-tshisadzi"
"S31_Tswana","tswa1253","xd14","Ab13","Ab13",1,10,1,8,1,5,1,"rre","rre-mogolo","rrangwane","malome","malome","malome; mogwagadi; mogwagadi","mme","rrakgadi","rrakgadi","mme-mogolo","mmangwane","mogwagadi"
"S42_Zulu","zulu1248","xd13","Ab12","Ab12",1,7,8,15,9,5,1,"u-bä'-bä; baba","u-bä-bä-kä´-sa; baba omukulu","u-bä-bä-kä´-sa; baba omncane","u-mä-lǔ´-mä; malume","u-mä-lǔ´-mä; malume","u´-mkwä; mkwekazi baba","u-mä´-me; mame","u-bä´-bä; babakazi","u-bä´-bä; babakazi","u-mä´-mä kä´-ze; u-mä´-mä; mame","u-mä´-mä kä´-ze; u-mä´-mä; mame","u´-mkwä kä´-ze; wä´-me´; mkwekazi mame"
"S53_Tsonga","tson1249","xd27","Ab4, SCCS3","Ab4",1,12,5,15,9,6,1,"tatana","tatana lo'nkulu","tatana lo'ntsongo","kokwane; malume","kokwane; malume","tatana","manana","hahane","hahane","manana lo'nkulu","manana lo'tongo","manana"
"Tiv_Tivoid","tivv1240","xd320","Ah3, SCCS16","Ah3",1,12,5,15,9,4,1,"ter","ter u tamen","ter u tamen",,,"ter kem","ngo","ngo","ngo",,,"ngo kem"
